{
  "sentiment_distribution": {
    "Neutral": 43.2,
    "Positive": 39.2,
    "Negative": 17.599999999999998
  },
  "avg_sentiment_score": 0.10812698829197083,
  "emotion_distribution": {
    "neutral": 60.099999999999994,
    "joy": 30.8,
    "sadness": 4.9,
    "anger": 2.5,
    "surprise": 1.5,
    "fear": 0.2
  },
  "avg_toxicity": 0.026666666666666665,
  "high_toxicity_count": 1,
  "high_toxicity_pct": 0.1,
  "avg_likes_positive": 163.25,
  "avg_likes_negative": 150.4318181818182,
  "avg_likes_neutral": 224.02777777777777,
  "sentiment_by_day": {
    "Monday": 0.10212319452748275,
    "Tuesday": 0.12277759059719136,
    "Wednesday": 0.1082650652487609
  },
  "sentiment_by_hour": {
    "0": 0.11521510840108401,
    "1": 0.15657157512626263,
    "2": 0.043500225506059184,
    "3": 0.11219772715483499,
    "4": 0.08608669505882013,
    "5": 0.12032689243626743,
    "6": 0.1430746336996337,
    "7": 0.12450632263023757,
    "8": 0.1087026515151515,
    "9": 0.0440053811928812,
    "10": 0.13159090909090906,
    "11": 0.04007309941520468,
    "12": 0.1359259259259259,
    "13": 0.04055555555555555,
    "14": 0.09809106691919192,
    "15": -0.00357530381944444,
    "16": 0.23988027009222662,
    "17": -0.003978174603174604,
    "18": 0.061549697283392935,
    "19": 0.156484375,
    "20": 0.19517018511711906,
    "21": 0.16760194613887797,
    "22": 0.17452683456589704,
    "23": 0.21381237648221346
  }
}